idCustomer;addressCustomer;cityCustomer;zipcodeCustomer;lastName;firstName;email;pwd;phone
1;3874 Adipiscing Avenue;Turriff;Z6527;Mcguire;Kendall;tincidunt.orci@Proinsed.co.uk;LCL87UTG6LP;06 13 89 86 97
2;776-3610 Elementum Rd.;Barcelona;15110;Boone;Blaine;mauris.eu@sagittis.edu;WNX87UVW0ZF;06 10 39 68 41
3;Ap #575-3802 Donec Street;San Francisco;26860;Bray;McKenzie;sociis@justo.edu;JNE49IYI0EN;06 31 30 00 10
4;884-2310 In Avenue;Milwaukee;N7 2TF;Buckley;Kane;nibh@lectusante.org;IZL03VUP5SF;06 36 46 68 71
5;Ap #234-6536 Purus. Avenue;Araban;4571;Guy;Isaiah;sit.amet@vitaesodalesat.net;OIN83CTQ8GU;06 93 31 72 56
6;P.O. Box 130, 5673 Ultrices Avenue;Bamberg;566926;Zimmerman;Jillian;massa@duisemper.ca;EDU47RYX1FP;06 82 02 07 75
7;P.O. Box 261, 7987 Vestibulum. Rd.;St. Petersburg;922135;Robbins;Bruno;rutrum@Etiamimperdiet.edu;SDN45NSV2GX;06 33 98 07 74
8;7938 Semper St.;Graneros;30700;Pittman;India;velit.eget.laoreet@elit.net;QJK53MPH4GK;06 42 95 74 96
9;P.O. Box 677, 5494 Aliquet Av.;Portland;33345;Glass;Rae;non@arcuvel.com;VFZ70OHW0MV;06 22 91 79 15
10;3546 Integer Ave;Solingen;8795;Juarez;Delilah;massa.Vestibulum.accumsan@sapienimperdiet.com;HQZ21QPG4CD;06 67 90 75 52
11;Ap #339-5667 A, Av.;Chandler;1967;Bates;Plato;rhoncus.id@Nuncmauriselit.edu;MEP83IDH0JC;06 54 66 98 16
12;439-6015 Auctor Road;Sukkur;NA5 4FB;Mack;Keane;Cras.vehicula@ategestas.edu;VHS88CZZ5NI;06 80 78 60 53
13;P.O. Box 555, 4683 Egestas Road;MŽlin;209550;Young;Demetria;Nulla.tincidunt.neque@nuncac.org;CPV00DQS6OK;06 70 78 23 17
14;852-9175 Litora Ave;Valcourt;E7T 1J2;Tran;Slade;In.scelerisque@quis.com;TJB06XPQ1DK;06 29 35 79 50
15;481-5029 Sed St.;Bad Homburg v. d. Höhe;8723;Doyle;Victor;aliquet.sem@eget.ca;HDV28KYJ9PO;06 20 88 65 23
16;P.O. Box 434, 3349 Integer Ave;Marburg;87152-05705;Small;Alisa;ante.bibendum.ullamcorper@mattissemper.edu;SWM74UXM4MD;06 69 73 48 05
17;Ap #400-9557 Dictum Avenue;Lozzo Atestino;683956;Patrick;Tiger;diam.dictum@inhendrerit.net;ITU63NQH4IY;06 45 11 72 72
18;Ap #899-3420 Nibh Street;Mol;Z9954;Carey;Shelley;felis.orci.adipiscing@ligulaeu.ca;DKM64ANC9YZ;06 85 12 44 32
19;Ap #366-2951 Vitae St.;Kitimat;1008;Marsh;Felix;diam@PraesentluctusCurabitur.co.uk;GJA25CGT5CL;06 20 17 98 68
20;Ap #363-5947 Enim. St.;Lustenau;989445;Walsh;Cruz;Etiam@tristique.edu;JPF50AQV3MB;06 98 32 41 85
21;9311 Vitae Road;Alingsås;40944;Odom;Lara;nibh@nonegestas.net;NSX37CHS4MP;06 94 47 36 73
22;Ap #197-2672 Amet, Avenue;Workington;6175;Bartlett;Aspen;elit.fermentum@tellus.edu;VAW64YWC0GG;06 61 86 47 12
23;379-9862 A, Avenue;Basingstoke;Z3833;Travis;Chadwick;orci@sociisnatoque.net;ULX22QBJ3OE;06 83 52 51 99
24;Ap #982-9468 Maecenas Rd.;Vlimmeren;35678;Wiggins;Phoebe;aptent.taciti.sociosqu@duiSuspendisse.com;VXC43WKE9TV;06 43 56 12 00
25;6577 Nulla. Av.;Paupisi;78994;Newman;Karleigh;leo.Cras.vehicula@liberoProinmi.org;BQQ03XMQ8UA;06 11 51 80 73
26;9722 Nunc Street;Istres;07622-60274;Gaines;Zachary;sed.consequat@mollisDuis.co.uk;PNK09PLQ8SQ;06 43 50 34 70
27;P.O. Box 193, 4051 Litora Rd.;Ollagüe;306658;Clark;Lars;parturient.montes@luctussit.org;AYZ70AMN9EP;06 84 49 73 15
28;Ap #591-743 Mollis. Road;Lodine;528522;Jarvis;Giacomo;cursus.vestibulum@dapibusidblandit.org;LIX34MCZ7VG;06 18 72 82 09
29;7254 Litora Street;Bhimber;R5 4YW;Leon;Alec;ut.lacus.Nulla@NulladignissimMaecenas.co.uk;QIV22MMW1QT;06 89 83 29 45
30;Ap #972-6747 Magna Street;San Felice a Cancello;9649;Gallagher;Tamekah;dui.nec.tempus@nuncsed.ca;LGE62ILF4LR;06 60 27 04 68
31;238-8145 Adipiscing Road;Belgorod;14550;Mendoza;Isabella;pede@mollis.co.uk;XRA02VIG0JI;06 26 08 94 04
32;922-9397 In St.;Khyber Agency;6547 MO;Ward;Griffith;Nullam.lobortis.quam@nec.co.uk;RDZ64KPN8OJ;06 06 83 90 50
33;187-9173 Tellus Road;Granada;58384;Howell;Emma;aliquet.lobortis@utaliquam.org;QPE10FNE0HA;06 34 26 00 15
34;P.O. Box 974, 9409 Vitae Ave;Campbeltown;304028;Dunlap;Seth;metus@in.edu;CRQ61FRO9WS;06 95 57 28 29
35;Ap #868-5627 Mauris Road;Manisa;02444-26385;Larsen;Orli;ornare.placerat@lacusQuisque.org;BDB63OCX1JU;06 11 28 84 23
36;240-7108 Ipsum. Street;Ñuñoa;96359;Day;Oscar;a@sed.edu;JRU64DJF4VW;06 62 35 74 41
37;252-7372 Tempor St.;Onega;74046;Mercado;Dylan;faucibus.Morbi.vehicula@non.com;ZJD84RQV7AV;06 88 19 10 71
38;Ap #905-9970 Rutrum Street;Wilmont;55009;Campos;Courtney;et@fermentumarcu.edu;JIM21BXV4DA;06 80 05 45 27
39;566-4948 Donec Street;Biez;780673;Compton;Price;sapien.cursus@DonectinciduntDonec.org;FLH12UDH7NI;06 19 74 12 36
40;9251 Nunc Rd.;Kaiserslauter;6710;Watson;Jelani;Ut.nec@sociis.com;LSS16FUD9LF;06 68 02 26 87
41;355-5512 Rutrum, St.;Wevelgem;29308;Powell;Regan;eleifend@ultrices.net;RMS43ZSW1ON;06 89 75 49 46
42;353-995 Nec Avenue;Dunstable;43035;Contreras;Salvador;lorem.luctus@Aliquamnisl.net;GAV15XKP9YB;06 73 29 10 75
43;P.O. Box 251, 6583 Sit Rd.;Westkerke;II0T 5SW;Dickson;George;erat@Donecat.net;MGM43NFR7QU;06 48 21 65 76
44;937-3079 Amet Rd.;Vehari;01658;Holcomb;Mollie;elit.Nulla.facilisi@turpisAliquam.edu;DJT59VNX0KS;06 26 06 45 76
45;P.O. Box 960, 705 Molestie Rd.;Sesto Campano;6697;Cantrell;Upton;varius.ultrices@sitamet.ca;TMT58ZPY7VB;06 52 69 17 27
46;3659 Nibh Rd.;Emden;635951;House;Sebastian;consequat@nibh.co.uk;GHW00ZGF7XE;06 99 11 66 96
47;Ap #456-2051 Neque Road;Grimaldi;53928;Fernandez;Phillip;aliquet@viverraMaecenas.edu;CMO81KVF5TA;06 48 36 40 23
48;2167 Vitae, Rd.;Monteroni d'Arbia;416210;Bruce;Thane;luctus@in.ca;VCU22HPZ2JS;06 34 50 98 68
49;4595 Vulputate, Street;Ollolai;638264;Clements;Uta;arcu@tristiquenequevenenatis.net;NWG62FZZ3UR;06 61 74 16 15
50;407-3322 Nec Ave;Overland Park;166140;Chandler;Lacota;nascetur.ridiculus.mus@cursusetmagna.ca;XJO20UUV0QX;06 23 84 06 57
51;355-5743 Nullam Rd.;Hantes-WihŽries;6622 TV;Sexton;Noelani;Curabitur.vel@Pellentesqueultricies.net;DKR85SNL3NP;06 79 12 03 85
52;P.O. Box 750, 5630 Nibh St.;San José de Maipo;72917;Farmer;Timothy;amet.risus@variusultrices.org;XWM88KUM2IN;06 29 13 49 61
53;401-5131 Fringilla Av.;Halberstadt;J1H 7G6;Clemons;Kirsten;ante.blandit.viverra@lacusvestibulum.net;WZE96QFL4IU;06 36 09 88 90
54;Ap #374-5011 Ipsum St.;Sint-Stevens-Woluwe;R6V 8CU;Houston;Robin;mattis.velit.justo@conubia.org;CNM04GRP2BR;06 24 10 13 72
55;Ap #747-1924 Nibh. Ave;Murree;64-268;Guerra;Haley;habitant.morbi.tristique@odioauctor.ca;JZN86EUQ5AF;06 69 37 80 23
56;P.O. Box 139, 1897 Nulla Street;Saint Paul;402461;Hensley;Darius;sed.facilisis@elementumategestas.org;EJM87VEJ3IX;06 37 07 71 37
57;122-6025 Sem St.;Grand-Halleux;4180;Padilla;Carlos;enim.Mauris.quis@elit.org;KCP06AEM5HE;06 40 68 38 26
58;8435 Aliquam Rd.;Santomenna;Y2Z 2Z6;Livingston;Coby;mi.pede@est.com;DEV82XAA4FD;06 80 96 88 22
59;3545 Convallis St.;Mandi Bahauddin;347191;Bailey;Lee;aliquet@noncursusnon.net;UOI02SAS2CS;06 70 95 46 50
60;1605 Nonummy Av.;Hulshout;1392;Pace;Edward;adipiscing.ligula@Suspendisse.net;SCF80RPQ1VI;06 22 51 76 71
61;P.O. Box 895, 2673 Quam. Avenue;Gravelbourg;22767;Schneider;Idola;ipsum.dolor.sit@consectetuer.co.uk;ZFL98MCD0XB;06 33 40 49 95
62;Ap #197-8017 Montes, Avenue;Pointe-Claire;71886;Woods;Nissim;facilisis@Sed.ca;UNE54SHE5UQ;06 32 43 81 26
63;P.O. Box 275, 6003 Vel Avenue;Mysore;6910;Sweet;Ulysses;a.ultricies@dolor.ca;RHM18QSY0HZ;06 64 16 64 63
64;P.O. Box 689, 8717 Magnis St.;Piagge;70310;Rojas;Ariel;ante@ullamcorperDuis.co.uk;HEI40LAI6VG;06 19 76 51 51
65;P.O. Box 579, 5494 Amet, St.;Sorradile;988037;Cannon;Sophia;ridiculus.mus@risusvarius.net;OUG66JBL4LG;06 52 74 90 92
66;Ap #881-1981 Urna. Rd.;Sorbo Serpico;K5G 9C6;Nash;Laurel;Donec.tempus@sitametfaucibus.com;QEB77OYV4XO;06 54 69 06 18
67;Ap #761-2810 Phasellus Rd.;Raymond;5345;Rivers;Teagan;elit.erat.vitae@urnaNuncquis.com;EUR26YXJ2QR;06 08 21 85 73
68;9985 Tortor. Av.;Ełk;65186;Rojas;Amanda;viverra@elitCurabitur.co.uk;IMT21ZEH1KL;06 02 32 33 52
69;P.O. Box 472, 2834 Fringilla. Road;Naninne;A1 3WZ;Sullivan;Farrah;Pellentesque@Nuncsollicitudincommodo.ca;CEH88SQW1LT;06 76 06 42 64
70;P.O. Box 416, 2517 Blandit Ave;Coleville Lake;742377;Saunders;Cora;mauris@bibendumDonec.com;DSD10TLD6VJ;06 86 87 34 60
71;5008 Venenatis Rd.;Los Sauces;49237;Hahn;May;auctor.Mauris.vel@IntegerurnaVivamus.com;WTP15SLN5QH;06 69 25 65 08
72;1523 Velit Street;Vorst;82550;Bullock;Yolanda;Quisque@tristiquesenectuset.net;BDD97XMN4OS;06 27 18 85 59
73;449-2340 Fermentum St.;Neath;36609-81697;Vazquez;Xander;faucibus.Morbi.vehicula@ultrices.co.uk;PDP29ZJC3KW;06 97 30 95 10
74;638-7745 Dictum Road;Coupar Angus;05227;Noel;Rosalyn;et@Naminterdum.com;SDF66UBP8AA;06 59 61 14 82
75;7406 Eu Ave;Mango;UU6Y 2IS;Sanders;Barclay;a@augueacipsum.com;UWL57XDR0XX;06 39 24 77 71
76;P.O. Box 168, 1764 Adipiscing Rd.;Anthisnes;1879;Sweeney;Irene;sed@nislQuisquefringilla.org;VUN06BIP4AA;06 07 07 79 14
77;5995 Sit Ave;Kumluca;420457;Williamson;Preston;ipsum.porta@mifelisadipiscing.co.uk;MUH34ENH3RG;06 34 25 37 84
78;Ap #499-225 Laoreet Av.;Ostrowiec Świętokrzyski;9342;Humphrey;Ciaran;Vivamus@arcu.ca;JEO71GMY4DR;06 04 52 47 62
79;167 Praesent Street;Camrose;70765-01276;Chen;Lyle;nibh.lacinia@amet.ca;TTN99BWC5NS;06 16 40 42 86
80;7348 Cras Road;Srinagar;10581;Ford;Piper;Fusce.feugiat.Lorem@in.net;DVP65MGT8GE;06 03 03 41 38
81;904-627 Auctor, Ave;Hamilton;73937;Murray;Justine;feugiat.metus.sit@quis.co.uk;LQY82ZZS3GS;06 94 38 22 55
82;Ap #624-9486 Tincidunt Ave;Ludwigshafen;B3Y 7V3;Levine;Mariam;Cras.vulputate@Phasellus.co.uk;EQV11PHP9LE;06 14 48 43 27
83;9722 Nec St.;Tulita;40810;Reed;Troy;posuere@eusemPellentesque.edu;ZUS30EAS3BI;06 86 91 80 12
84;P.O. Box 150, 1913 Nibh. Ave;Rance;3583;Justice;Adria;ante.blandit.viverra@egetnisidictum.co.uk;QWZ83OWS6WE;06 64 83 24 05
85;2456 Fusce St.;Hillsboro;5175;Small;Chancellor;neque@magnaatortor.co.uk;DZC03NUU1TG;06 05 58 79 79
86;P.O. Box 408, 4839 Semper St.;Miass;58186;Howell;Ulysses;nibh.Aliquam.ornare@conubia.com;KFY13GBH3BD;06 84 54 82 37
87;Ap #613-3153 Mollis Rd.;Cartagena del Chairá;03563;Nieves;Tatiana;erat.volutpat@ipsum.ca;DUF86DYP2KJ;06 88 97 03 83
88;795-2565 Egestas. Ave;Gwangmyeong;88898-904;Hood;Shannon;Duis.volutpat@Proin.co.uk;AAG79DEN8YH;06 86 15 29 90
89;376-8717 Interdum Ave;Combarbalá;48832-713;Gilliam;Michelle;elit.sed.consequat@Etiamvestibulum.org;MQL11QKK3YR;06 87 15 67 86
90;810-7986 Mi Ave;Newton Abbot;CL04 9CN;Mccall;Mikayla;sodales.purus.in@idliberoDonec.edu;VJY66FAT0BO;06 86 75 60 63
91;P.O. Box 697, 9322 Malesuada Street;Guildford;1961;Giles;Charde;mauris@nisi.ca;TEI99BNB3XC;06 95 68 14 79
92;Ap #439-5039 Fringilla Rd.;Lloydminster;6661;Mccormick;Ginger;id.erat.Etiam@natoquepenatibuset.ca;GKK10PXW2RE;06 25 12 35 40
93;371-6307 Lorem Road;Isnes;91562-12241;Burns;Mark;lorem.Donec@enimnisl.co.uk;OGY79XWZ6WE;06 70 75 15 81
94;Ap #337-3225 Aliquam Rd.;Colloredo di Monte Albano;Z9395;Dyer;Madeline;molestie@acsem.com;EUB78SEG4SQ;06 96 76 67 74
95;Ap #747-8682 Convallis St.;Denpasar;37820;Carr;Ruby;ultricies.sem.magna@faucibusorci.org;LWN36ZTF6FH;06 14 32 06 95
96;449-4822 Ipsum. St.;Drumheller;282132;Potter;Ulysses;ultricies.ornare.elit@risus.org;EGX65YIC0IY;06 75 31 46 23
97;Ap #977-2219 Ac Rd.;Dillingen;21475;Moses;Acton;penatibus.et.magnis@magna.ca;PPE77WDR4TD;06 83 40 58 30
98;P.O. Box 906, 1318 A, Av.;Gembloux;8396;Ward;Laurel;sit.amet.consectetuer@ametdiam.net;VYS32DGI9LG;06 28 14 01 64
99;840-6174 In Ave;Volokonovka;2236;Ramos;Ian;sodales@enimSuspendissealiquet.co.uk;LJK71UAO7KF;06 87 52 19 47
100;P.O. Box 908, 1539 Nascetur St.;Belgrave;158450;Dyer;Renee;quam.vel@habitantmorbitristique.ca;IEH13RTX8MU;06 64 37 14 92