idStaff;salary;hiringDate;lastName;firstName;email;pwd;phone
1;2106;19-05-21;Fowler;Noel;quis@rhoncusNullamvelit.net;CYT14RDB9GD;08 88 33 45 89
2;1268;24-09-20;Sweeney;Kyra;penatibus.et@Nullamvelit.org;XUH12HKM8EN;05 82 49 67 10
3;2915;24-10-21;Harrison;Gabriel;ante@rutrum.org;JZE29WFA3DP;07 16 41 73 67
4;2670;05-11-21;Bishop;Sara;vel@Crasconvallisconvallis.ca;PHA11CRF9SX;03 24 60 03 74
5;1529;22-08-20;Lowe;William;Nullam.velit@dui.ca;YSW49HSB7QO;06 33 59 47 35
6;2504;19-03-21;Nunez;Odette;ac@nonsollicitudina.co.uk;DZJ23QDE1ED;07 79 50 55 03
7;1783;05-07-20;Valdez;Shana;Sed@vestibulummassa.org;TMH38AXZ7LT;04 60 02 80 49
8;1712;14-09-20;Odonnell;Len;massa.Vestibulum.accumsan@utodio.edu;ANK44FJD6IQ;08 77 48 01 55
9;1431;01-12-21;Gordon;Emmanuel;laoreet@libero.edu;JLV24NXI7IW;03 25 06 19 62
10;1528;03-01-21;Huff;Dacey;odio@in.com;ZNA70FGK1HW;06 06 03 41 51
11;2960;17-07-21;Love;Quinn;vulputate.lacus@semperpretium.org;RDV41MDW2CF;06 51 71 28 53
12;1516;05-08-20;Valentine;Damon;in.cursus@esttemporbibendum.org;ZHP42SQG3AH;03 60 90 17 67
13;1510;09-03-21;Hood;Julian;Maecenas@lobortis.org;AAE51GDH7AZ;05 26 03 38 14
14;2208;14-10-20;Bass;Fatima;amet.orci@loremeget.net;YCN04NQY6ML;09 48 44 98 19
15;2142;21-10-21;Reeves;Kasimir;nec@velit.com;BCE05OIL3GX;03 90 10 07 84
16;1434;05-02-21;Britt;Hall;amet@orcilacusvestibulum.com;DBJ78MTU0YE;04 12 18 20 11
17;1734;23-09-20;Jacobson;Malachi;interdum.Sed.auctor@erateget.org;FIP28PDX8ZV;06 86 48 18 19
18;1857;16-10-21;Gonzales;Keely;velit.egestas.lacinia@Nunc.org;QFT87DSF5ID;03 04 88 43 78
19;1319;17-02-21;Booth;Ignatius;egestas.a@fermentum.co.uk;NSG16ORH0MS;04 13 29 60 12
20;2897;03-07-21;Logan;Jonas;vitae.mauris@risusatfringilla.net;ZJN89BXK1GV;05 69 46 96 89
21;1949;22-02-22;Sampson;Warren;a@ascelerisquesed.ca;OXG19FRH0UF;02 85 60 72 45
22;2307;17-10-20;Holcomb;Camilla;vitae@dolor.org;DJX93CDL3BK;01 39 26 59 32
23;2016;01-04-20;Trevino;Kameko;ipsum.sodales@acmieleifend.org;QWQ29NDM1GX;08 52 36 94 02
24;1971;20-03-22;Harper;Lucas;Cras.lorem@Maecenasornareegestas.org;MCV86GOV6NI;03 91 75 83 24
25;2151;09-07-21;Snider;Indigo;metus.Aenean@orciUt.org;VHL66TNE0MU;03 37 43 56 58
26;1901;30-04-20;Little;Gannon;porttitor.scelerisque.neque@et.co.uk;CQQ74RUF2IK;01 50 62 09 82
27;2857;04-09-21;Ray;Buffy;ac.mi.eleifend@doloregestas.co.uk;NRJ93HFU1TD;01 56 08 54 18
28;1773;10-06-20;Castro;Yeo;laoreet@Sed.net;YPO27KVM3US;07 18 64 97 05
29;2618;07-10-21;Roy;Megan;luctus.aliquet.odio@justonec.edu;BAF95STJ2UU;05 49 78 45 77
30;2468;03-04-21;Elliott;Kylan;lectus.ante@rutrumloremac.org;FNL11MKP6IE;02 70 49 54 43
31;2686;24-07-20;Mcmahon;Walker;sed.orci.lobortis@diamPellentesquehabitant.edu;LPK95VYO4JA;07 02 29 95 93
32;1552;01-08-21;Hamilton;Branden;nulla@afeugiattellus.com;ELI73ECB0QM;09 32 03 09 92
33;2500;28-11-21;Williamson;Xenos;consectetuer.cursus.et@adipiscingelitEtiam.ca;ROH96KOC1JT;02 64 43 46 67
34;2201;10-01-21;Evans;Abdul;congue.In@nec.org;SML52BPW2RA;04 97 90 82 60
35;1214;07-11-21;Jensen;Nayda;adipiscing.elit@eu.edu;OOY28BUN1AK;03 46 21 64 68
36;2020;14-07-20;Vega;Luke;amet.diam.eu@euturpisNulla.net;YEG29EPI7TY;06 40 89 63 02
37;2303;14-06-21;Workman;Uriah;elit.sed.consequat@Sedcongue.net;HGU94JYJ7OR;09 53 91 38 72
38;2400;02-01-22;Sosa;Aurora;non@nibhenimgravida.edu;EYC85UZK4XJ;06 52 72 66 83
39;1413;14-04-21;Ware;Dahlia;lorem.vitae.odio@ut.ca;SMC53NOH4MI;08 43 83 94 26
40;2740;23-06-21;Hyde;Cullen;ullamcorper@duilectusrutrum.edu;RQK29VCP5QS;04 36 62 29 96
41;1333;08-03-22;Olson;Zahir;non.massa@Quisque.net;SQD60UAF0AC;04 22 00 83 42
42;1516;29-06-20;Serrano;Denise;Cras.convallis.convallis@cursuset.co.uk;XHN60HNF2IP;02 17 12 74 08
43;2380;21-04-21;Rice;Cadman;orci.consectetuer.euismod@montes.com;UPI60WSY4HA;06 69 30 64 82
44;1877;24-10-21;Stephens;Vanna;in.aliquet@Aliquamgravidamauris.net;BZX25VJC2NM;02 01 91 31 76
45;2852;17-06-21;Delacruz;Beck;ut@Nullam.edu;FMW60EEH1EZ;07 06 19 06 46
46;1352;31-03-20;Sanders;Irene;dignissim.pharetra@nequesed.edu;FSD14CSK3NR;07 49 30 27 09
47;1789;19-11-21;Massey;Raven;ac@elit.org;LVP48SAB8BU;05 47 36 77 22
48;1592;30-01-21;Schwartz;Trevor;libero.dui.nec@Quisque.org;ZKL00NJN9ZR;05 96 59 37 51
49;1444;04-02-22;Lopez;Joelle;nec@eratin.net;PPC85FNL1PF;05 97 45 36 60
50;2728;13-06-21;Hutchinson;Mollie;in@massa.co.uk;PYX78CCJ7PB;02 95 47 66 57
51;1527;29-09-21;Lopez;Palmer;Nulla@Nullasemper.com;NZA58ILP7BB;04 08 28 54 71
52;2241;09-01-22;Cooke;Brent;ultricies.sem@liberoDonec.ca;XQY80GCE3GU;03 57 12 14 77
53;2048;07-03-21;Clark;Basil;ultrices.sit.amet@eratEtiam.edu;YNO75ZXU9WT;06 25 73 98 18
54;2494;03-08-21;Petersen;Elaine;ante@veliteu.ca;DRS06TUR4JD;06 69 68 57 63
55;2018;15-09-21;Bradshaw;Inga;amet@pharetra.ca;PRY86ZLW5UB;07 15 78 80 10
56;2716;14-03-21;Paul;Deanna;dui@dapibusrutrumjusto.com;YBG41FHL8XE;02 44 78 16 86
57;2246;02-02-21;Hicks;Barry;consequat@risusat.org;YLJ59VYJ4ZK;08 48 25 59 20
58;2796;15-02-22;Melton;Kasper;libero.at.auctor@odioauctor.co.uk;XNU68URU9UY;06 43 81 57 28
59;1789;11-03-22;Neal;Echo;scelerisque.scelerisque.dui@pretiumet.edu;ZAW62LMQ0CE;04 12 12 79 62
60;2980;14-08-21;Sloan;Hoyt;dis@quamvel.org;FWQ53MPY5GU;02 03 08 83 11
61;2470;02-01-21;Farley;Karina;Maecenas@nonummyac.com;EGU09JYN4CE;08 57 77 99 98
62;2591;28-07-20;Chavez;Steel;nec.diam@aliquetProinvelit.edu;ZQW25LBQ4GA;08 88 16 53 72
63;1502;02-07-21;Cardenas;Tamara;Vestibulum.ut@lectus.edu;QYQ83WPD6CG;06 65 59 06 22
64;2601;29-01-21;Pace;Casey;turpis.egestas@dapibus.edu;CXT35PNU3MI;03 39 68 30 04
65;2070;24-08-20;Cash;Orson;pede.sagittis.augue@maurisaliquameu.org;UOG35ARH8BL;09 51 48 84 77
66;2420;04-09-21;Joseph;Nero;neque@feugiat.net;EEI68MNV6DQ;02 22 59 79 74
67;1379;05-11-20;Russo;Carl;sodales.Mauris@quamvel.com;DWD84PYA5SK;01 69 57 33 47
68;2926;01-04-20;Pitts;Chava;Suspendisse.ac@Nullamvelitdui.edu;ZLW88RFQ5SN;04 30 42 25 70
69;2439;18-02-21;Simpson;Salvador;non.dapibus.rutrum@feugiat.com;DUW64IJJ9VT;01 47 20 55 88
70;2632;02-01-22;Leonard;Brent;convallis.erat.eget@facilisisnon.com;VRL92FTY8NV;09 07 32 69 30
71;2184;26-07-20;Owens;Amir;amet.ante.Vivamus@ornaretortor.com;AXD44EER9LX;01 13 70 78 15
72;2660;08-06-21;Guy;Kyra;rutrum.justo.Praesent@cursus.edu;RYO98UFH0OP;05 10 88 37 79
73;1565;20-03-22;Baldwin;Elliott;Suspendisse@vehiculaaliquetlibero.ca;MHE45FTK3AI;01 59 75 64 65
74;2760;12-06-20;Carver;Brooke;justo@Maurismolestiepharetra.com;GEQ72HFW2UK;07 39 81 68 44
75;1754;05-03-22;Hays;Xavier;quis@mauris.co.uk;VRR24HIO7EJ;08 45 66 73 52
76;1267;25-11-21;Lynn;Aiko;est.ac.mattis@rutrum.net;CLC59RRC5VH;06 27 69 41 90
77;1320;27-06-21;Hunt;Fallon;magna.a.neque@erat.org;SCP36DHM0FE;05 59 20 00 79
78;2224;16-06-21;Phillips;Aimee;cursus@nec.edu;IQL11TXK5BM;08 02 11 54 17
79;2753;28-05-21;Bass;Rashad;eros.Proin.ultrices@necenimNunc.co.uk;GJL94XFX6LE;03 31 02 24 11
80;1479;17-11-20;Silva;Ira;Proin@necurnasuscipit.ca;XFP97PQB6BA;05 13 10 87 46
81;1917;22-12-20;Barton;Lance;orci.sem.eget@miac.org;JHS64HZC1HL;01 89 74 19 57
82;2699;26-08-21;Padilla;Mohammad;tellus.sem@consectetueripsum.edu;TPM14TFK1DB;09 53 95 36 51
83;2613;23-10-21;Skinner;May;congue@vitaealiquet.edu;XMY61FMP9JT;08 37 44 80 35
84;1977;25-12-20;Duke;Bert;sollicitudin@eumetus.edu;PIX36LZM0GQ;09 22 28 52 13
85;2637;25-07-21;Dillard;Tad;odio@rutrumloremac.net;CGT39YTV1FD;01 95 79 16 30
86;2970;10-08-21;Reilly;Patrick;id@semconsequatnec.com;CRT43HYS8RA;03 19 52 89 68
87;1537;29-05-20;Small;Alec;aliquam@natoquepenatibus.net;HFA59RNP1UR;04 43 69 36 26
88;2135;06-07-21;Carver;Colorado;arcu.Curabitur@incursus.net;GEQ82HCM7GS;02 67 06 64 74
89;1273;25-08-21;Houston;Thaddeus;vitae.orci.Phasellus@pedePraesenteu.co.uk;NOB62XZC5HR;05 93 66 98 75
90;2532;04-10-20;Ball;Brody;lorem@Donecestmauris.com;WBL68XVA2UY;03 12 42 01 01
91;2493;18-03-22;Lindsay;Jordan;ante.dictum.mi@utnisi.com;ERJ38XAI0DP;03 36 07 79 99
92;2185;26-07-20;Pratt;Virginia;sit.amet.luctus@orciquislectus.edu;QGB10NKC2GH;04 79 48 81 81
93;1349;02-02-21;Byers;Lev;eros@imperdiet.com;FQE66BHX9NP;06 59 42 62 29
94;1741;14-01-22;Payne;Kareem;nec.euismod.in@ligulaAenean.com;AUF85SAM2EM;04 90 16 18 83
95;1451;12-04-20;Dorsey;Alexandra;neque@dolorelit.com;UYX29ZBN1TO;05 76 64 61 36
96;2969;19-09-20;Petersen;Isaiah;diam.dictum@sit.net;MCT36OGN3QJ;05 08 58 58 51
97;2624;31-08-20;Curtis;Eliana;velit.in.aliquet@Nuncsedorci.com;ZFB26DXY6QH;05 78 28 83 91
98;1524;14-11-20;Herring;Dale;non.enim.commodo@musProin.net;GLH88VCA9PX;06 06 06 57 60
99;2858;14-07-20;Kinney;Mara;Proin.ultrices.Duis@pedeetrisus.org;RWB37CRY0DF;04 77 63 51 97
100;2482;09-02-21;Francis;Quinn;ornare@dolorelit.net;HMC56RPS1MB;09 91 24 70 80